"Model","R2"
"Baseline",0.143207932334597
"Sequence",0.14658393751205
"Structure",0.0135926948348357
"Combined",0.149765969037707
"Random Forest",0.169326157838443
